{
    "config": {
        "title": "HACS (Home Assistant Community Store)",
        "step": {
            "user": {
                "title": "HACS (Home Assistant Community Store)",
                "description": "If you need help with the configuration have a look here: https://custom-components.github.io/hacs/installation/configuration/",
                "data": {
                    "token": "GitHub Personal Access Token",
                    "sidepanel_title": "Sidepanel title",
                    "sidepanel_icon": "Sidepanel icon",
                    "appdaemon": "Enable AppDaemon apps discovery & tracking",
                    "python_script": "Enable python_scripts discovery & tracking",
                    "theme": "Enable Themes discovery & tracking"
                }
            }
        },
        "error": {
            "auth": "Personal Access Token is not correct."
        },
        "abort": {
            "single_instance_allowed": "Only a single configuration of HACS is allowed."
        }
    }
}